Code,Country,2015,2016,2017,2018,2019,2020,2021,2022,2023,2024,2025
192,Cuba,0.2,4.6,0.4,2.5,0.7,0.1,0.1,5.8,2.1,128.8,278.0
384,Côte d’Ivoire,0.1,1.0,2.5,8.3,0.8,0.5,4.8,7.8,26.7,28.5,820.5
598,Papua New Guinea,0.0,0.0,0.0,0.0,0.0,0.0,1.3,0.0,0.0,47.0,57.3
798,Tuvalu,0.0,0.9,0.0,0.0,0.0,0.0,1.9,0.0,0.0,0.05,8.0
148,Chad,0.9,0.0,0.0,0.0,0.3,0.0,0.0,0.0,0.0,2.1,0.2
008,Albania,0.6,1.2,2.2,16.3,5.5,585.8,2643.3,3196.8,543.8,1880.2,154.6
196,Cyprus,1374.2,1071.3,2052.0,2500.2,3306.0,10897.6,3473.6,2874.1,55501.0,18363.7,54032.6
388,Jamaica,0.0,0.8,0.1,0.2,6.3,0.3,119.9,1.9,2.3,0.7,100.2
016,American Samoa,2.0,1.5,2.7,67.6,50.4,1.6,26.5,1.4,39.7,172.7,381.0
204,Benin,1.7,0.0,0.0,0.3,0.5,0.1,0.2,0.5,0.2,77.5,174.3
404,Kenya,2091.4,1.1,79.4,19.6,3.9,0.3,204.8,7.2,118.0,32.7,979.7
020,Andorra,2.4,0.1,0.3,8.9,1.3,0.0,0.6,0.0,1.0,0.9,14.0
212,Dominica,889.2,351.6,909.8,0.6,1.3,1434.1,0.3,0.8,2.8,20.8,5.7
408,Democratic People's Republic of Korea,15688.1,4283.8,3048.9,3069.7,1607.9,366.9,223.4,984.7,668.6,820.3,332.5
604,Peru,345.4,1.1,2.7,20.5,105.5,1717.7,3933.3,3974.0,474.4,3864.2,1719.9
807,North Macedonia,209.1,148.5,123.8,103.8,30.0,408.5,1457.6,1470.6,782.4,391.1,327.4
166,Cocos Islands,1.6,0.0,0.0,0.0,0.0,0.0,0.0,0.0,0.0,0.0,0.0
772,Tokelau,0.0,0.0,1.0,0.0,0.0,0.0,0.0,0.0,1.3,0.1,0.0
612,Pitcairn,0.0,0.0,0.0,0.0,0.0,0.0,0.0,0.0,0.0,0.0,0.1
024,Angola,6.0,0.9,4.3,4.3,0.4,1.8,6.7,76.8,70.7,85.9,1671.8
214,Dominican Republic,9.7,4.9,3.1,0.6,0.1,33.6,546.5,256.8,231.4,1497.4,509.7
831,Guernsey,0.0,0.2,0.0,0.2,0.0,0.0,0.0,0.0,0.5,0.2,0.0
032,Argentina,2946.9,1637.4,44.3,240.8,486.0,155.3,221.9,218.0,176.5,302.2,1094.7
218,Ecuador,0.5,0.4,0.7,3.8,2.6,1.3,0.1,70.6,60.9,81.9,1586.1
422,Lebanon,290.7,553.6,488.0,347.2,159.3,458.3,807.0,1564.3,604.4,394.3,597.4
630,Puerto Rico,0.0,0.0,0.0,2.0,4.0,2.4,1.7,2.7,204.3,4.3,209.9
044,Bahamas,7.1,1.2,0.9,4.3,29.5,220.6,247.4,339.1,46.3,12.5,87.4
031,Azerbaijan,25497.8,16320.7,27574.4,35610.2,52166.3,54227.7,75997.0,133749.7,133392.8,210769.8,232282.0
004,Afghanistan,444466.9,517261.3,615606.6,602503.1,616959.9,776737.5,667484.3,756281.6,857236.5,1098854.7,1535776.6
276,Germany,37992.6,36908.4,32485.8,53651.4,62234.9,67613.7,72187.0,98950.7,86769.8,118014.1,166929.6
417,Kyrgyzstan,99949.6,121450.9,178256.9,269735.8,669643.1,760459.1,792044.4,982539.4,634436.7,526233.2,786061.6
156,China,2472244.6,1999267.3,2025481.8,2875388.7,2528749.7,1937053.3,2529091.0,2631997.8,2486557.3,2103856.1,2516096.1
068,Bolivia,0.0,1.5,0.5,2.2,0.7,3.2,40.0,7.0,0.4,18.8,25.9
226,Equatorial Guinea,24734.0,0.0,0.0,0.0,0.0,0.0,0.0,0.0,0.0,0.0,0.1
438,Liechtenstein,5.0,3.2,10.6,7.2,2.8,0.2,1.2,1.3,267.8,1.7,459.3
642,Romania,1855.0,2044.5,1145.4,1466.5,1536.6,1990.7,6223.1,12273.0,37224.4,41654.4,32189.5
688,Serbia,189.7,256.5,341.3,291.7,601.0,995.3,625.5,1379.8,706.0,1248.6,1201.7
710,South Africa,490.0,1795.0,661.4,57.1,411.1,157.5,3258.3,1052.1,971.4,11839.0,1472.6
620,Portugal,9173.1,5166.7,2791.4,2044.9,3785.7,3817.4,10754.2,5587.1,3206.7,14095.2,6525.3
072,Botswana,0.0,1.5,13.0,0.0,0.6,0.0,0.1,0.4,0.0,0.2,14.7
233,Estonia,786.5,478.1,2683.8,16525.5,4592.4,5141.2,10865.3,23050.0,22213.6,32101.1,42218.2
446,Macao,0.0,0.0,1.3,0.2,10.8,0.2,0.5,24.5,9.5,10.1,137.8
660,Anguilla,9.6,18.7,9.3,1.0,0.0,0.0,0.0,3.7,309.0,356.7,656.0
084,Belize,5050.8,86430.1,51215.5,151.1,1.6,0.0,0.0,39.3,0.1,247.2,31.3
086,British Indian Ocean Territory,41.0,0.0,0.0,0.0,0.0,0.0,0.1,251.2,0.0,0.0,23.5
092,British Virgin Islands,996.3,920.2,1130.3,1899.4,1717.2,1189.0,1163.8,9109.6,6088.5,10444.1,1228.6
242,Fiji,1.5,0.0,0.0,0.6,0.1,0.0,0.0,99.2,0.3,0.1,0.7
470,Malta,72.4,80.0,82.9,69.8,79.0,410.1,1943.3,1394.4,1275.6,1231.9,1547.4
104,Myanmar,0.0,107.0,626.4,1107.7,362.3,1137.8,4848.6,18979.2,12922.2,471.7,2350.8
258,French Polynesia,0.0,0.0,0.0,0.0,0.1,0.0,0.1,0.0,0.0,0.0,1.6
480,Mauritius,6.2,1.3,0.2,0.4,2.0,0.3,0.3,303.3,312.9,14.6,41.8
108,Burundi,0.0,0.0,0.0,0.0,0.2,0.0,1.3,0.0,0.0,0.1,130.0
262,Djibouti,0.0,0.0,0.1,0.0,0.1,0.0,0.1,0.5,0.0,62.1,0.7
116,Cambodia,0.0,1.8,0.0,0.2,5.7,0.7,9.3,58.3,19.5,39.2,83.8
270,Gambia,0.0,0.1,0.0,0.0,0.0,0.0,0.0,2.5,1.1,0.0,1.0
492,Monaco,0.0,0.8,0.4,0.3,12.1,0.0,0.0,0.9,17.3,12.6,158.7
694,Sierra Leone,0.0,0.0,0.0,0.0,0.0,0.0,0.0,0.0,0.0,0.6,5.1
887,Yemen,206.6,18.5,2.1,372.4,237.2,68.5,105.3,0.0,90.6,184.6,857.6
316,Guam,0.0,0.0,0.0,44.5,0.8,0.0,0.0,0.0,18.3,279.5,404.9
646,Rwanda,0.0,0.4,0.0,0.1,0.0,0.0,0.0,0.4,0.0,0.7,0.0
120,Cameroon,0.3,0.1,0.0,2850.0,7.4,0.6,2.6,90.8,0.3,0.1,640.7
140,Central African Republic,0.2,0.1,1.0,0.4,0.5,0.1,27.1,0.6,1632.2,0.4,18.3
288,Ghana,257.1,0.7,0.1,59.6,3.1,0.8,0.7,6.7,309.6,4.0,101.6
144,Sri Lanka,7001.9,1526.2,717.3,424.5,153.2,318.6,18.0,20.7,92.9,392.2,128.4
292,Gibraltar,12.6,3.0,0.5,0.0,0.0,0.0,8.0,95.9,263.5,274.0,286.0
516,Namibia,0.1,2.1,0.1,0.3,0.0,2.0,0.0,0.5,0.6,0.8,2.9
740,Suriname,0.0,0.6,0.7,0.0,0.0,0.0,180.0,0.8,0.3,0.1,2.7
052,Barbados,63.8,177.1,146.5,0.0,0.0,0.0,5.0,220.2,400.0,418.9,700.0
332,Haiti,0.0,0.0,0.0,0.1,0.0,0.0,0.1,0.1,0.0,30.3,3.7
662,Saint Lucia,0.0,0.0,0.0,0.0,0.0,0.0,0.0,0.0,0.0,0.8,3.3
152,Chile,485.6,432.0,112.2,68.5,88.1,253.2,1229.6,1403.0,526.4,625.6,2052.9
304,Greenland,0.1,2.7,0.1,0.2,0.0,0.0,0.0,0.1,0.0,0.1,0.1
170,Colombia,1191.0,585.3,277.8,26.1,344.8,62.3,371.4,1373.4,305.6,2756.8,991.5
308,Grenada,0.0,0.0,0.0,0.0,0.0,0.0,0.5,0.1,0.1,0.1,10.7
548,Vanuatu,0.0,0.0,0.0,0.3,0.0,0.0,0.3,0.3,0.2,62.2,2.5
760,Syrian Arab Republic,2216.2,77.2,658.2,392.0,2727.9,1074.1,5.7,37.0,301.8,597.0,3383.4
426,Lesotho,0.0,0.0,0.0,0.0,0.0,0.0,0.0,0.0,0.4,1.5,1.9
178,Congo,0.0,0.0,0.0,0.0,1.6,1.2,7.2,0.0,8.1,0.4,4.9
320,Guatemala,0.0,0.0,0.0,0.3,1.0,0.0,228.5,231.3,55.6,119.7,1227.5
180,Democratic Republic of the Congo,0.1,0.0,0.0,0.3,0.2,0.0,0.1,191.5,0.3,0.05,122.6
340,Honduras,1.9,0.0,0.3,0.2,0.4,0.0,67.7,83.6,0.0,1.1,45.2
562,Niger,0.0,0.6,0.4,0.8,0.0,0.0,0.7,0.4,0.6,33.6,30.9
188,Costa Rica,6.1,4.4,6.4,1.6,7.1,0.1,0.5,0.4,4.4,43.2,507.6
344,Hong Kong,9184.9,24300.5,21913.5,5481.8,3070.5,4758.5,9131.7,7406.5,15675.6,169412.0,113118.1
566,Nigeria,4.1,16.5,12.8,60.0,10.3,5.4,8.2,10.1,102.0,67.6,560.5
191,Croatia,289.9,43.8,89.5,270.9,26.4,277.2,339.6,599.0,304.3,636.0,1312.1
352,Iceland,17.6,8.3,28.2,26.6,5.5,12.3,39.6,32.1,2211.4,76.7,422.8
600,Paraguay,0.8,6.0,0.1,0.7,0.3,107.8,333.0,0.3,0.1,651.4,23.8
800,Uganda,206.0,0.6,0.8,0.1,0.1,1.0,0.4,0.1,8.2,21.7,29.1
162,Christmas Island,0.0,0.0,0.0,0.0,0.0,0.0,0.0,0.0,0.0,0.0,0.0
478,Mauritania,2.1,0.4,0.1,0.2,1.1,0.1,0.0,0.0,79.3,34.9,64.4
744,Svalbard and Jan Mayen Islands,0.0,0.0,0.0,0.0,0.0,0.0,0.0,0.0,0.0,0.0,0.1
500,Montserrat,0.0,0.0,0.0,0.0,0.0,0.0,0.0,0.2,0.3,0.0,0.0
418,Lao People's Democratic Republic,0.1,0.8,493.1,0.6,0.1,291.6,0.9,60.9,0.0,4.5,363.2
832,Jersey,0.0,0.0,0.0,1.4,3.1,3.5,4.1,10.5,20.3,6.2,4.1
174,Comoros,0.4,0.0,0.2,0.0,0.2,0.1,0.1,0.0,66.3,55.1,59.0
508,Mozambique,0.2,0.0,1.4,0.0,0.0,0.0,0.0,0.0,0.0,235.2,2645.6
376,Israel,13565.6,16161.7,15891.7,19014.1,17599.8,4756.4,6713.2,15786.0,13731.0,29380.1,37511.8
356,India,58723.1,48311.3,33845.4,25080.7,28248.0,21220.1,29939.4,36529.7,111882.8,131267.8,168029.6
380,Italy,13012.1,30668.7,22649.6,28105.5,33009.6,15636.7,40159.6,55567.5,85453.4,62958.7,72907.3
398,Kazakhstan,1849388.2,945023.7,1057579.0,1352167.8,1392964.9,908419.8,1178376.7,1407547.5,1417053.6,1526783.6,1649135.9
410,Republic of Korea,176392.8,201755.8,143339.0,108665.1,102891.4,51337.9,57701.5,42765.1,54522.2,48755.4,75277.3
112,Belarus,20077.0,18221.5,27404.0,41347.7,48879.4,42560.7,59645.3,128767.7,128850.9,175942.2,207124.6
428,Latvia,43243.5,57715.2,82312.8,46311.6,52568.7,37679.6,55228.9,106195.5,110250.9,119287.0,133805.8
458,Malaysia,9622.3,10532.8,4829.4,8139.1,7827.6,12014.8,17624.3,12000.4,9185.8,7083.4,9482.1
784,UAE,43965.2,60016.8,45996.0,67500.1,152578.2,102696.0,55884.7,122932.7,298350.5,346654.8,858877.7
643,Russia,1821065.2,1794904.8,2019162.4,2117289.8,2531870.5,1485755.1,2088237.3,3151098.4,3495675.6,3869612.8,4552111.3
682,Saudi Arabia,5509.5,596.8,1436.4,2160.3,2246.1,1647.6,4908.5,3393.8,6795.5,15253.3,17766.5
826,Great Britain,47502.5,49059.6,56143.5,174457.4,105715.0,34229.4,79598.3,114268.7,181986.5,170379.6,129190.0
840,USA,30407.7,53522.7,32098.0,36761.0,36648.8,28496.3,60794.4,124480.9,253118.1,430797.9,543495.2
762,Tajikistan,160327.0,164846.6,186065.2,237491.8,327557.3,405124.1,501902.4,522117.8,608300.4,550579.6,689357.2
764,Thailand,1209.7,13643.6,1546.6,3135.0,2760.1,526.9,6959.5,13990.8,4329.9,5461.6,9617.5
795,Turkmenistan,105970.0,79501.1,69902.3,59537.8,144331.6,126068.6,191886.2,196986.5,171635.0,128631.0,147284.7
792,Turkey,790093.2,686213.2,877812.3,944755.2,1217633.2,1018992.8,1692380.2,1643453.4,1263331.9,1184782.2,1164632.3
250,France,151074.4,120214.8,148924.6,196254.1,214744.1,89715.6,21284.8,72617.3,400443.3,803751.8,893458.5
392,Japan,10437.5,15797.8,14492.0,18844.7,33864.0,10111.4,13749.5,14540.6,17328.8,16675.3,18679.5
0,Other countries,3067714.7,4077993.4,3954545.4,3939828.3,6246359.9,6153151.4,4874921.4,5811172.3,10352796.9,11679752.8,15386475.5
048,Bahrain,9.8,9.9,7.6,133.2,145.6,91.0,170.9,121.8,435.7,1270.9,1372.5
348,Hungary,641.7,471.9,471.7,1119.0,645.9,517.4,1284.0,5129.1,6280.4,6456.8,4989.1
268,Georgia,78256.8,62625.3,62615.4,10100.5,18628.2,20771.8,29579.4,50950.4,66172.0,76423.8,82220.2
818,Egypt,971.0,566.6,1449.7,3779.7,13875.8,19234.3,34597.2,23172.2,25936.2,32130.5,16618.3
364,Iran,318100.1,350408.3,267201.8,172877.9,219907.6,141751.3,177090.0,139820.2,180779.0,163933.9,157958.6
634,Qatar,27.9,48.9,448.9,535.4,96.8,9943.6,29032.3,505.5,1298.7,2572.3,6165.0
414,Kuwait,88.3,89.4,247.2,435.8,183.5,1218.6,866.4,2834.1,11243.7,6845.9,4038.5
462,Maldives,6.0,12.2,28.4,14.1,8.6,5.2,16.3,6.3,3.0,56.3,104.3
586,Pakistan,8582.3,10104.7,10166.2,32597.1,97937.0,98552.0,130072.2,185156.5,269268.0,299650.0,325360.5
804,Ukraine,65749.7,51188.9,106046.3,100123.9,119428.1,123853.8,232545.4,79022.9,74821.5,64786.0,82500.6
756,Switzerland,16137.5,19600.4,10729.8,15574.3,34933.1,18752.2,49564.7,39452.6,63248.4,61629.5,67430.9
203,Czech Republic,18634.2,8842.2,7013.3,5772.8,16352.2,33070.0,25116.2,31951.4,53335.5,56442.6,30692.1
702,Singapore,86836.5,70322.0,67815.4,71554.9,34219.2,57964.0,103953.9,68845.3,98234.6,69575.1,57166.9
360,Indonesia,5153.9,38202.8,28575.4,41588.2,23017.8,20898.8,8860.6,16147.1,8914.6,12203.1,8601.4
100,Bulgaria,3457.8,2806.1,4319.9,3598.9,6276.1,4175.8,31194.8,65807.5,46020.6,27639.1,52653.2
036,Australia,1809.1,959.9,878.5,1242.4,2270.8,144.3,202.8,202.4,4038.7,1651.2,3071.5
040,Austria,3101.9,3112.5,7370.9,8772.7,5290.5,2166.2,7841.3,23441.5,14930.9,13693.3,17286.9
012,Algeria,614.3,682.9,447.9,254.6,294.6,0.1,556.3,932.7,358.0,385.5,609.8
051,Armenia,1877.1,1284.6,1376.9,2681.8,2847.1,4236.1,10353.9,20203.1,31937.7,24421.6,30201.5
050,Bangladesh,131074.4,88866.5,53913.2,38442.6,16578.2,22361.6,10872.0,9797.4,6478.6,5667.0,6980.8
056,Belgium,27810.6,22123.3,22643.4,27698.6,23884.1,20570.4,23314.6,29847.4,68260.9,78413.9,91102.0
372,Ireland,5527.6,3387.7,3175.8,4254.2,3871.0,1018.9,601.5,2881.0,2565.0,4547.1,19887.8
724,Spain,6923.9,5603.6,4285.1,5588.4,4684.0,1887.8,4410.0,13211.5,9429.0,11541.9,15361.0
124,Canada,808.6,863.5,2112.2,4924.2,6486.9,142322.9,199786.8,226518.4,41163.4,65223.8,68264.9
440,Lithuania,6093.1,4697.8,6191.0,12633.1,25260.8,36195.9,66726.5,94198.0,144492.7,167338.2,124453.3
498,Republic of Moldova,11068.5,10720.1,7737.7,4257.9,8683.1,8250.5,15251.3,19217.7,24891.4,13715.8,18459.7
528,Netherlands,10952.1,12882.8,17213.3,14329.8,19654.2,24802.6,69637.5,40574.3,40436.7,29404.9,146314.0
616,Poland,27440.5,23941.4,36567.8,37919.9,41456.9,57357.7,88667.0,137907.1,95800.4,102338.9,133971.7
752,Sweden,1240.6,2938.7,4930.6,354.2,795.8,565.7,365.5,1792.6,5111.7,14454.8,7043.3
578,Norway,235.7,204.6,156.6,206.4,189.9,79.0,22.7,40.7,8404.4,13166.7,11871.0
300,Greece,43732.5,377.6,499.9,1355.4,696.0,330.4,13170.1,40149.7,6688.9,1739.8,38736.6
208,Denmark,5830.7,2415.8,3431.5,2643.0,660.3,220.3,194.1,182.7,18689.7,38408.8,40323.8
400,Jordan,217.9,62.2,102.8,165.6,225.6,18.4,155.8,431.1,898.5,1952.6,5611.4
368,Iraq,8353.2,12092.8,13360.4,13145.6,20723.2,18240.6,11794.7,9293.5,21206.6,34332.3,60700.1
496,Mongolia,3172.3,437.0,365.0,1439.6,1479.3,1855.8,2461.1,4787.9,10302.5,15213.1,11051.9
504,Morocco,1319.4,557.8,2234.1,1761.1,3894.8,2017.3,4874.7,13719.2,2468.5,6289.8,3064.4
608,Philippines,1476.2,690.9,689.4,1956.8,2339.9,1596.4,3819.9,1478.2,4330.3,3170.1,5171.5
703,Slovakia,2217.9,2504.3,537.8,292.9,2190.7,443.3,190.6,1564.8,1063.7,3021.5,8862.8
064,Bhutan,0.1,0.0,0.8,0.3,0.6,0.0,0.9,0.0,0.0,11.0,21.7
222,El Salvador,29.2,0.0,0.0,0.8,0.4,0.1,6.7,0.4,17.1,0.6,47.8
434,Libya,1.7,0.2,1.0,0.9,3.3,163.1,381.4,124.1,138.3,188.3,12811.1
638,Réunion,0.0,0.0,0.0,0.0,0.2,4.3,0.0,6.5,0.8,0.1,48.5
833,Isle of Man,0.0,0.0,0.0,1.2,2.9,0.0,0.0,2.5,203.0,408.1,401.6
175,Mayotte,0.0,0.0,0.0,0.0,0.0,0.0,0.0,0.0,0.0,0.0,0.0
533,Aruba,0.5,0.0,0.1,0.0,0.0,0.0,0.1,0.0,0.0,0.0,48.1
796,Turks and Caicos Islands,0.0,0.0,0.0,0.3,0.0,0.0,0.0,0.0,112.7,556.3
158,Taiwan,291.0,938.9,1495.3,2322.3,988.7,1032.7,1400.0,429.0,1357.9,2405.0,4191.8
704,Viet Nam,5874.3,5931.7,21657.4,28921.1,15175.0,12953.9,20952.5,16610.1,23419.1,18618.6,23049.8
554,New Zealand,97.7,97.4,121.1,90.6,159.0,2.4,6.5,738.9,1118.9,1074.7,1136.9
070,Bosnia and Herzegovina,848.5,2.6,17.2,714.9,112.0,1285.6,1448.3,1274.1,211.4,253.9,1047.0
231,Ethiopia,0.1,1.4,6.7,0.7,19.4,0.3,0.0,1.7,75.5,3.0,1756.4
442,Luxembourg,140.1,96.2,61.1,1041.9,876.5,826.8,1033.1,2999.8,1222.5,1535.2,1692.4
076,Brazil,3726.2,256.3,400.5,206.2,1340.0,1934.4,1915.5,1232.1,4419.0,13272.1,13462.6
659,Saint Kitts and Nevis,0.0,0.0,0.2,0.5,0.4,0.0,0.0,2.9,1.2,2.5,8.2
834,United Republic of Tanzania,0.0,0.0,1.2,12.1,0.1,0.0,0.1,63.8,3.7,223.2,346.2
246,Finland,529.5,405.0,1012.9,366.0,274.9,163.4,385.9,930.8,3034.3,5260.0,10834.1
184,Cook Islands,0.0,0.0,0.0,0.0,0.0,0.0,0.0,0.0,0.0,0.0,0.0
540,New Caledonia,0.0,0.0,0.7,0.0,0.1,0.0,0.0,1.7,2.7,0.7,0.3
876,Wallis and Futuna Islands,0.0,0.0,0.0,0.0,0.0,0.0,0.0,0.0,0.0,0.0,0.0
705,Slovenia,622.5,599.9,1227.9,686.3,710.0,545.6,1089.7,2439.5,7369.8,9603.4,104765.1
850,United States Virgin Islands,231.7,0.0,0.0,0.0,0.0,0.0,10.5,0.0,0.6,17.0,0.1
232,Eritrea,0.0,0.0,0.0,0.0,0.0,0.0,0.0,0.0,0.0,0.1,0.0
570,Niue,0.0,0.0,0.0,0.0,0.0,0.0,0.0,0.0,0.0,0.0,0.0
234,Faroe Islands,0.0,0.0,0.0,0.0,0.0,0.0,0.0,2.2,0.0,0.03,0.0
466,Mali,0.0,0.3,1.3,0.7,0.0,0.1,0.2,7.4,0.1,0.01,8.4
670,Saint Vincent and the Grenadines,51.4,46.2,48.7,57.0,73.3,70.6,140.4,113.8,27.3,2.1,5.2
854,Burkina Faso,0.0,1.4,1.5,0.0,0.0,0.0,0.0,0.0,0.0,0.1,57.6
254,French Guiana,0.0,0.3,0.7,0.2,0.3,0.0,0.0,0.1,0.0,0.0,0.0
580,Northern Mariana Islands,0.0,1.2,0.0,0.0,0.0,0.0,0.0,0.0,0.0,0.6,0.0
674,San Marino,0.1,0.8,0.5,0.3,41.2,0.0,3.1,0.0,0.4,17.4,189.8
858,Uruguay,6.9,1.0,25.1,0.8,1.7,2.3,0.8,10.2,115.7,4.5,77.4
260,French Southern Territories,0.0,0.0,0.0,0.0,0.0,0.0,0.0,0.0,0.0,0.0,0.0
584,Marshall Islands,0.0,4.2,0.0,0.0,0.0,0.0,0.0,0.0,0.0,68.3,66.0
686,Senegal,0.7,0.7,10.0,0.2,3.0,0.0,15.5,311.7,25.5,1.0,43.3
862,Venezuela,8.9,4.4,175.7,4567.4,1911.1,7.2,680.1,46.3,60.8,349.6,763.5
266,Gabon,0.4,0.0,0.0,0.0,0.0,0.0,0.0,27.6,0.0,83.3,5.7
585,Palau,2.5,0.0,0.0,0.0,0.0,0.0,0.0,0.0,0.0,21.9,0.0
484,Mexico,119.2,92.0,82.3,154.5,161.3,190.9,1419.0,308.8,1041.4,566.6,4967.3
690,Seychelles,239.8,13.9,104.3,28.5,17.1,759.2,3.9,2.6,471.3,294.9,715.6
882,Samoa,0.0,0.0,0.0,1.6,0.1,0.1,2.8,0.0,0.0,3.0,0.2
312,Guadeloupe,0.0,0.0,0.0,0.0,0.0,0.0,0.0,0.0,0.0,0.0,0.0
626,Timor-Leste,0.0,1.0,0.0,0.0,0.0,0.0,0.0,0.0,0.0,0.0,0.0
275,State of Palestine,1.9,3.2,1.9,4.0,2.8,2.4,22.8,157.5,403.7,820.1,2992.2
499,Montenegro,7.1,0.6,0.1,10.8,36.6,10.2,2.1,0.2,139.3,5.8,94.3
716,Zimbabwe,0.0,1.2,1.2,1.5,1.1,0.1,0.4,0.2,0.4,1.2,2.8
894,Zambia,0.9,0.2,19.3,0.9,63.4,0.0,0.0,0.0,30.8,23.7,93.5
324,Guinea,0.0,0.0,0.1,0.0,3.5,0.0,0.3,0.0,0.1,0.0,0.1
654,Saint Helena,0.0,0.0,0.1,0.0,10.5,0.0,0.0,0.6,0.0,0.0,0.0
512,Oman,31.6,63.8,271.7,86.2,130.9,104.0,82.0,354.1,1196.8,407.2,3349.2
028,Antigua and Barbuda,0.0,0.0,0.0,0.0,0.1,0.0,0.0,0.0,2.6,24.1,1.3
328,Guyana,0.1,0.8,0.0,0.9,0.0,0.1,0.0,0.0,0.2,0.04,70.1
736,Sudan,6.8,1.8,8.5,4.2,3.9,0.6,1170.3,0.0,0.0,0.0,0.0
524,Nepal,28.4,21.6,12.2,82.4,10.4,0.3,135.9,27.5,7.1,54.3,39.2
748,Eswatini,0.0,1.3,0.1,0.2,1.4,0.0,0.1,0.0,0.0,18.1,18.5
060,Bermuda,0.0,0.0,0.0,0.1,0.7,0.0,0.0,0.0,0.0,0.0,20.9
336,Vatican,0.0,0.0,0.2,0.1,0.3,0.0,0.0,0.1,0.5,0.0,0.0
074,Bouvet Island,0.0,0.0,0.0,0.0,0.0,0.0,0.0,0.0,0.0,0.0,0.0
558,Nicaragua,1.1,0.0,0.0,1.2,0.9,0.0,4.9,4.3,163.5,0.3,51.3
768,Togo,0.0,3.4,0.2,0.0,0.1,0.0,0.0,139.4,139.9,183.7,0.3
096,Brunei Darussalam,1.2,1.8,0.1,1.2,5.2,0.0,0.0,3.3,1.4,1.0,5.3
430,Liberia,2.8,0.5,7.2,0.0,0.0,0.0,0.1,0.0,0.4,7.3,8.9
706,Somalia,1.5,0.0,0.0,1.1,0.0,0.2,0.0,0.0,7.9,0.1,6.4
776,Tonga,0.0,0.0,0.0,0.0,0.0,0.0,0.7,0.1,0.0,0.0,0.3
132,Cabo Verde,0.0,0.0,0.2,0.0,0.0,0.0,0.0,0.0,0.1,0.0,0.0
454,Malawi,0.1,0.0,0.3,0.0,0.1,0.7,0.0,0.0,0.0,0.1,0.4
732,Western Sahara,0.0,0.0,0.0,0.0,0.0,0.0,0.0,0.0,0.0,0.0,2.1
780,Trinidad and Tobago,0.7,0.0,0.0,0.3,0.0,0.0,0.0,0.0,1.0,0.003,8.3
591,Panama,668.2,246.5,11.8,10.8,0.5,0.0,1.8,1145.6,305.4,265.7,200.2
788,Tunisia,357.9,595.1,2190.0,1357.3,762.1,135.3,796.3,1426.1,575.1,1318.5,1081.0
136,Cayman Islands,15.1,8.2,5.7,9.7,0.0,0.0,0.0,0.2,0.2,243.7,188.5
450,Madagascar,0.7,0.1,69.8,0.3,0.0,0.0,0.0,0.0,1231.6,0.02,97.6